uri,dc.identifier,collections,notation,prefLabel,altLabel,broader,broaderTransitive,broadMatch,changeNote,closeMatch,definition,editorialNote,exactMatch,example,hiddenLabel,historyNote,inScheme,mappingRelation,note,related,relatedMatch,scopeNote,semanticRelation,topConceptOf
conceptscheme:bemonsteringsinstrument,be.vlaanderen.bodemenondergrond.data.id.conceptscheme.bemonsteringsinstrument,,bemonsteringsinstrument,Codelijst bemonsteringsinstrument.,,,,,,,Beschrijving welke procedure werd gevolgd bij de bemonstering.,,,,,,,,,,,,,
collectie:bemonsteringsinstrumenten,be.vlaanderen.bodemenondergrond.data.id.collection.bemonsteringsinstrument.bemonsteringsinstrumenten,,bemonsteringsinstrumenten,Collectie van bemonsteringsinstrumenten.,,,,,,,,,,,,,conceptscheme:bemonsteringsinstrument,,,,,,,
concept:steekguts,be.vlaanderen.bodemenondergrond.data.id.concept.bemonsteringsinstrument.steekguts,collectie:bemonsteringsinstrumenten,steekguts,Steekguts,,,,,,,,,,,,,conceptscheme:bemonsteringsinstrument,,,,,,,conceptscheme:bemonsteringsinstrument
concept:steekguts30mm,be.vlaanderen.bodemenondergrond.data.id.concept.bemonsteringsinstrument.steekguts30mm,collectie:bemonsteringsinstrumenten,steekguts30mm,Steekguts 30mm,,concept:steekguts,,,,,,,,,,,conceptscheme:bemonsteringsinstrument,,,,,,,conceptscheme:bemonsteringsinstrument
concept:steekguts25mm,be.vlaanderen.bodemenondergrond.data.id.concept.bemonsteringsinstrument.steekguts25mm,collectie:bemonsteringsinstrumenten,steekguts25mm,Steekguts 25mm,,concept:steekguts,,,,,,,,,,,conceptscheme:bemonsteringsinstrument,,,,,,,conceptscheme:bemonsteringsinstrument
concept:steekguts20mm,be.vlaanderen.bodemenondergrond.data.id.concept.bemonsteringsinstrument.steekguts20mm,collectie:bemonsteringsinstrumenten,steekguts20mm,Steekguts 20mm,,concept:steekguts,,,,,,,,,,,conceptscheme:bemonsteringsinstrument,,,,,,,conceptscheme:bemonsteringsinstrument
concept:ring,be.vlaanderen.bodemenondergrond.data.id.concept.bemonsteringsinstrument.ring,collectie:bemonsteringsinstrumenten,ring,Ring,,,,,,,,,,,,,conceptscheme:bemonsteringsinstrument,,,,,,,conceptscheme:bemonsteringsinstrument
concept:kopeckysteekset100cm3,be.vlaanderen.bodemenondergrond.data.id.concept.bemonsteringsinstrument.kopeckysteekset100cm3,collectie:bemonsteringsinstrumenten,kopeckysteekset100cm3,Kopecky steekset 100cm3,,concept:ring,,,,,,,,,,,conceptscheme:bemonsteringsinstrument,,,,,,,conceptscheme:bemonsteringsinstrument
concept:steekhuls,be.vlaanderen.bodemenondergrond.data.id.concept.bemonsteringsinstrument.steekhuls,collectie:bemonsteringsinstrumenten,steekhuls,Steekhuls,,,,,,,,,,,,,conceptscheme:bemonsteringsinstrument,,,,,,,conceptscheme:bemonsteringsinstrument
concept:steekhuls192cm3,be.vlaanderen.bodemenondergrond.data.id.concept.bemonsteringsinstrument.steekhuls192cm3,collectie:bemonsteringsinstrumenten,steekhuls192cm3,Steekhuls 192cm3,,concept:steekhuls,,,,,,,,,,,conceptscheme:bemonsteringsinstrument,,,,,,,conceptscheme:bemonsteringsinstrument
concept:steekbus,be.vlaanderen.bodemenondergrond.data.id.concept.bemonsteringsinstrument.steekbus,collectie:bemonsteringsinstrumenten,steekbus,Steekbus,,,,,,,,,,,,,conceptscheme:bemonsteringsinstrument,,,,,,,conceptscheme:bemonsteringsinstrument
concept:dunwandig,be.vlaanderen.bodemenondergrond.data.id.concept.bemonsteringsinstrument.dunwandig,collectie:bemonsteringsinstrumenten,dunwandig,Dunwandige steekbus,,concept:steekbus,,,,,,,,,,,conceptscheme:bemonsteringsinstrument,,,,,,,conceptscheme:bemonsteringsinstrument
concept:dunwandiggedrukt,be.vlaanderen.bodemenondergrond.data.id.concept.bemonsteringsinstrument.dunwandiggedrukt,collectie:bemonsteringsinstrumenten,dunwandiggedrukt,Dunwandige steekbus - gedrukt (OS-T/W-PU),,concept:dunwandig,,,,,,,,,,,conceptscheme:bemonsteringsinstrument,,,,,,,conceptscheme:bemonsteringsinstrument
concept:dunwandiggeslagen,be.vlaanderen.bodemenondergrond.data.id.concept.bemonsteringsinstrument.dunwandiggeslagen,collectie:bemonsteringsinstrumenten,dunwandiggeslagen,Dunwandige steekbus - geslagen (OS-T/W-PE),,concept:dunwandig,,,,,,,,,,,conceptscheme:bemonsteringsinstrument,,,,,,,conceptscheme:bemonsteringsinstrument
concept:dikwandig,be.vlaanderen.bodemenondergrond.data.id.concept.bemonsteringsinstrument.dikwandig,collectie:bemonsteringsinstrumenten,dikwandig,Dikwandige steekbus,,concept:steekbus,,,,,,,,,,,conceptscheme:bemonsteringsinstrument,,,,,,,conceptscheme:bemonsteringsinstrument
concept:dikwandiggeslagen,be.vlaanderen.bodemenondergrond.data.id.concept.bemonsteringsinstrument.dikwandiggeslagen,collectie:bemonsteringsinstrumenten,dikwandiggeslagen,Dikwandige steekbus - geslagen (OS-TK/W-PE),,concept:dikwandig,,,,,,,,,,,conceptscheme:bemonsteringsinstrument,,,,,,,conceptscheme:bemonsteringsinstrument
concept:ackermansteekbus,be.vlaanderen.bodemenondergrond.data.id.concept.bemonsteringsinstrument.ackermansteekbus,collectie:bemonsteringsinstrumenten,ackermansteekbus,Ackerman steekbus,,concept:steekbus,,,,,,,,,,,conceptscheme:bemonsteringsinstrument,,,,,,,conceptscheme:bemonsteringsinstrument
concept:ackermangedrukt,be.vlaanderen.bodemenondergrond.data.id.concept.bemonsteringsinstrument.ackermangedrukt,collectie:bemonsteringsinstrumenten,ackermangedrukt,Ackerman steekbus - gedrukt,,concept:ackermansteekbus,,,,,,,,,,,conceptscheme:bemonsteringsinstrument,,,,,,,conceptscheme:bemonsteringsinstrument
concept:ackermangeslagen,be.vlaanderen.bodemenondergrond.data.id.concept.bemonsteringsinstrument.ackermangeslagen,collectie:bemonsteringsinstrumenten,ackermangeslagen,Ackerman steekbus - geslagen,,concept:ackermansteekbus,,,,,,,,,,,conceptscheme:bemonsteringsinstrument,,,,,,,conceptscheme:bemonsteringsinstrument
concept:buis,be.vlaanderen.bodemenondergrond.data.id.concept.bemonsteringsinstrument.buis,collectie:bemonsteringsinstrumenten,buis,Buis,,,,,,,,,,,,,conceptscheme:bemonsteringsinstrument,,,,,,,conceptscheme:bemonsteringsinstrument
concept:enkelwandigkernbuis,be.vlaanderen.bodemenondergrond.data.id.concept.bemonsteringsinstrument.enkelwandigkernbuis,collectie:bemonsteringsinstrumenten,enkelwandigkernbuis,Enkelwandige kernbuis (CS-ST),,concept:buis,,,,,,,,,,,conceptscheme:bemonsteringsinstrument,,,,,,,conceptscheme:bemonsteringsinstrument
concept:dubbelwandigekernbuis,be.vlaanderen.bodemenondergrond.data.id.concept.bemonsteringsinstrument.dubbelwandigekernbuis,collectie:bemonsteringsinstrumenten,dubbelwandigekernbuis,Dubbelwandige kernbuis (CS-DT),,concept:buis,,,,,,,,,,,conceptscheme:bemonsteringsinstrument,,,,,,,conceptscheme:bemonsteringsinstrument
concept:trippelwandigekernbuis,be.vlaanderen.bodemenondergrond.data.id.concept.bemonsteringsinstrument.trippelwandigekernbuis,collectie:bemonsteringsinstrumenten,trippelwandigekernbuis,Trippelwandige kernbuis (CS-TT),,concept:buis,,,,,,,,,,,conceptscheme:bemonsteringsinstrument,,,,,,,conceptscheme:bemonsteringsinstrument
concept:aqualock,be.vlaanderen.bodemenondergrond.data.id.concept.bemonsteringsinstrument.aqualock,collectie:bemonsteringsinstrumenten,aqualock,Aqualock,,concept:buis,,,,,,,,,,,conceptscheme:bemonsteringsinstrument,,,,,,,conceptscheme:bemonsteringsinstrument
concept:piston,be.vlaanderen.bodemenondergrond.data.id.concept.bemonsteringsinstrument.piston,collectie:bemonsteringsinstrumenten,piston,Piston (PS),,concept:buis,,,,,,,,,,,conceptscheme:bemonsteringsinstrument,,,,,,,conceptscheme:bemonsteringsinstrument
concept:dunwandigepiston,be.vlaanderen.bodemenondergrond.data.id.concept.bemonsteringsinstrument.dunwandigepiston,collectie:bemonsteringsinstrumenten,dunwandigepiston,Dunwandige piston,,concept:piston,,,,,,,,,,,conceptscheme:bemonsteringsinstrument,,,,,,,conceptscheme:bemonsteringsinstrument
concept:dikwandigepiston,be.vlaanderen.bodemenondergrond.data.id.concept.bemonsteringsinstrument.dikwandigepiston,collectie:bemonsteringsinstrumenten,dikwandigepiston,Dikwandige piston,,concept:piston,,,,,,,,,,,conceptscheme:bemonsteringsinstrument,,,,,,,conceptscheme:bemonsteringsinstrument
concept:aqualockpiston,be.vlaanderen.bodemenondergrond.data.id.concept.bemonsteringsinstrument.aqualockpiston,collectie:bemonsteringsinstrumenten,aqualockpiston,Aqualock,,concept:piston,,,,,,,,,,,conceptscheme:bemonsteringsinstrument,,,,,,,conceptscheme:bemonsteringsinstrument
concept:pvcaangescherpt30mm,be.vlaanderen.bodemenondergrond.data.id.concept.bemonsteringsinstrument.pvcaangescherpt30mm,collectie:bemonsteringsinstrumenten,pvcaangescherpt30mm,PVC aangescherpte buis 30mm,,concept:buis,,,,,,,,,,,conceptscheme:bemonsteringsinstrument,,,,,,,conceptscheme:bemonsteringsinstrument
concept:pomp,be.vlaanderen.bodemenondergrond.data.id.concept.bemonsteringsinstrument.pomp,collectie:bemonsteringsinstrumenten,pomp,Pomp,,,,,,,,,,,,,conceptscheme:bemonsteringsinstrument,,,,,,,conceptscheme:bemonsteringsinstrument
concept:zuigpomp,be.vlaanderen.bodemenondergrond.data.id.concept.bemonsteringsinstrument.zuigpomp,collectie:bemonsteringsinstrumenten,zuigpomp,Zuigpomp,,concept:pomp,,,,,,,,,,,conceptscheme:bemonsteringsinstrument,,,,,,,conceptscheme:bemonsteringsinstrument
concept:slangenpomp,be.vlaanderen.bodemenondergrond.data.id.concept.bemonsteringsinstrument.slangenpomp,collectie:bemonsteringsinstrumenten,slangenpomp,Slangenpomp of Peristaltische pomp,,concept:zuigpomp,,,,,,,,,,,conceptscheme:bemonsteringsinstrument,,,,,,,conceptscheme:bemonsteringsinstrument
concept:bovcentrifugaalpomp,be.vlaanderen.bodemenondergrond.data.id.concept.bemonsteringsinstrument.bovcentrifugaalpomp,collectie:bemonsteringsinstrumenten,bovcentrifugaalpomp,Bovengrondse centrifugaalpomp,,concept:zuigpomp,,,,,,,,,,,conceptscheme:bemonsteringsinstrument,,,,,,,conceptscheme:bemonsteringsinstrument
concept:vacuumpomp,be.vlaanderen.bodemenondergrond.data.id.concept.bemonsteringsinstrument.vacuumpomp,collectie:bemonsteringsinstrumenten,vacuumpomp,Vacuumpomp,,concept:zuigpomp,,,,,,,,,,,conceptscheme:bemonsteringsinstrument,,,,,,,conceptscheme:bemonsteringsinstrument
concept:perspomp,be.vlaanderen.bodemenondergrond.data.id.concept.bemonsteringsinstrument.perspomp,collectie:bemonsteringsinstrumenten,perspomp,Perspomp,,concept:pomp,,,,,,,,,,,conceptscheme:bemonsteringsinstrument,,,,,,,conceptscheme:bemonsteringsinstrument
concept:balgpomp,be.vlaanderen.bodemenondergrond.data.id.concept.bemonsteringsinstrument.balgpomp,collectie:bemonsteringsinstrumenten,balgpomp,Balgpomp (Gasdruksysteem),,concept:perspomp,,,,,,,,,,,conceptscheme:bemonsteringsinstrument,,,,,,,conceptscheme:bemonsteringsinstrument
concept:dubkleppomp,be.vlaanderen.bodemenondergrond.data.id.concept.bemonsteringsinstrument.dubkleppomp,collectie:bemonsteringsinstrumenten,dubkleppomp,Dubbele kleppomp,,concept:perspomp,,,,,,,,,,,conceptscheme:bemonsteringsinstrument,,,,,,,conceptscheme:bemonsteringsinstrument
concept:pulsslang,be.vlaanderen.bodemenondergrond.data.id.concept.bemonsteringsinstrument.pulsslang,collectie:bemonsteringsinstrumenten,pulsslang,Pulsslang (Kogelkleppomp),,concept:perspomp,,,,,,,,,,,conceptscheme:bemonsteringsinstrument,,,,,,,conceptscheme:bemonsteringsinstrument
concept:dompelpompond,be.vlaanderen.bodemenondergrond.data.id.concept.bemonsteringsinstrument.dompelpompond,collectie:bemonsteringsinstrumenten,dompelpompond,Dompelpomp (Onderwatercentrifugaalpomp),,concept:perspomp,,,,,,,,,,,conceptscheme:bemonsteringsinstrument,,,,,,,conceptscheme:bemonsteringsinstrument
concept:dompelpomp12v,be.vlaanderen.bodemenondergrond.data.id.concept.bemonsteringsinstrument.dompelpomp12v,collectie:bemonsteringsinstrumenten,dompelpomp12v,Dompelpomp (12V DCpompjes),,concept:perspomp,,,,,,,,,,,conceptscheme:bemonsteringsinstrument,,,,,,,conceptscheme:bemonsteringsinstrument
concept:boor,be.vlaanderen.bodemenondergrond.data.id.concept.bemonsteringsinstrument.boor,collectie:bemonsteringsinstrumenten,boor,Boor,,,,,,,,,,,,,conceptscheme:bemonsteringsinstrument,,,,,,,conceptscheme:bemonsteringsinstrument
concept:handboor,be.vlaanderen.bodemenondergrond.data.id.concept.bemonsteringsinstrument.handboor,collectie:bemonsteringsinstrumenten,handboor,Handboor,,concept:boor,,,,,,,,,,,conceptscheme:bemonsteringsinstrument,,,,,,,conceptscheme:bemonsteringsinstrument
concept:lepelboor,be.vlaanderen.bodemenondergrond.data.id.concept.bemonsteringsinstrument.lepelboor,collectie:bemonsteringsinstrumenten,lepelboor,Lepelboor,,concept:boor,,,,,,,,,,,conceptscheme:bemonsteringsinstrument,,,,,,,conceptscheme:bemonsteringsinstrument
concept:pulsboor,be.vlaanderen.bodemenondergrond.data.id.concept.bemonsteringsinstrument.pulsboor,collectie:bemonsteringsinstrumenten,pulsboor,Pulsboor,,concept:boor,,,,,,,,,,,conceptscheme:bemonsteringsinstrument,,,,,,,conceptscheme:bemonsteringsinstrument
concept:spiraalboor,be.vlaanderen.bodemenondergrond.data.id.concept.bemonsteringsinstrument.spiraalboor,collectie:bemonsteringsinstrumenten,spiraalboor,Spiraalboor,,concept:boor,,,,,,,,,,,conceptscheme:bemonsteringsinstrument,,,,,,,conceptscheme:bemonsteringsinstrument
concept:spoelboor,be.vlaanderen.bodemenondergrond.data.id.concept.bemonsteringsinstrument.spoelboor,collectie:bemonsteringsinstrumenten,spoelboor,Spoelboor,,concept:boor,,,,,,,,,,,conceptscheme:bemonsteringsinstrument,,,,,,,conceptscheme:bemonsteringsinstrument
concept:zuigboor,be.vlaanderen.bodemenondergrond.data.id.concept.bemonsteringsinstrument.zuigboor,collectie:bemonsteringsinstrumenten,zuigboor,Zuigboor,,concept:boor,,,,,,,,,,,conceptscheme:bemonsteringsinstrument,,,,,,,conceptscheme:bemonsteringsinstrument
concept:zuigerboor,be.vlaanderen.bodemenondergrond.data.id.concept.bemonsteringsinstrument.zuigerboor,collectie:bemonsteringsinstrumenten,zuigerboor,Zuigerboor,,concept:boor,,,,,,,,,,,conceptscheme:bemonsteringsinstrument,,,,,,,conceptscheme:bemonsteringsinstrument
concept:kerboor,be.vlaanderen.bodemenondergrond.data.id.concept.bemonsteringsinstrument.kerboor,collectie:bemonsteringsinstrumenten,kerboor,Kernboor,,concept:boor,,,,,,,,,,,conceptscheme:bemonsteringsinstrument,,,,,,,conceptscheme:bemonsteringsinstrument
concept:enkkernbuis,be.vlaanderen.bodemenondergrond.data.id.concept.bemonsteringsinstrument.enkkernbuis,collectie:bemonsteringsinstrumenten,enkkernbuis,Enkelwandige kernbuis (CS-ST),,concept:kerboor,,,,,,,,,,,conceptscheme:bemonsteringsinstrument,,,,,,,conceptscheme:bemonsteringsinstrument
concept:dubkernbuis,be.vlaanderen.bodemenondergrond.data.id.concept.bemonsteringsinstrument.dubkernbuis,collectie:bemonsteringsinstrumenten,dubkernbuis,Dubbelwandige kernbuis (CS-DT),,concept:kerboor,,,,,,,,,,,conceptscheme:bemonsteringsinstrument,,,,,,,conceptscheme:bemonsteringsinstrument
concept:tripkernbuis,be.vlaanderen.bodemenondergrond.data.id.concept.bemonsteringsinstrument.tripkernbuis,collectie:bemonsteringsinstrumenten,tripkernbuis,Trippelwandige kernbuis (CS-TT),,concept:kerboor,,,,,,,,,,,conceptscheme:bemonsteringsinstrument,,,,,,,conceptscheme:bemonsteringsinstrument
concept:ramkernboor,be.vlaanderen.bodemenondergrond.data.id.concept.bemonsteringsinstrument.ramkernboor,collectie:bemonsteringsinstrumenten,ramkernboor,Ramkernboor,,concept:kerboor,,,,,,,,,,,conceptscheme:bemonsteringsinstrument,,,,,,,conceptscheme:bemonsteringsinstrument
concept:luchthamer,be.vlaanderen.bodemenondergrond.data.id.concept.bemonsteringsinstrument.luchthamer,collectie:bemonsteringsinstrumenten,luchthamer,Luchthamer,,concept:boor,,,,,,,,,,,conceptscheme:bemonsteringsinstrument,,,,,,,conceptscheme:bemonsteringsinstrument
concept:hamerboor,be.vlaanderen.bodemenondergrond.data.id.concept.bemonsteringsinstrument.hamerboor,collectie:bemonsteringsinstrumenten,hamerboor,Hamerboor,,concept:boor,,,,,,,,,,,conceptscheme:bemonsteringsinstrument,,,,,,,conceptscheme:bemonsteringsinstrument
concept:avegaarbooras,be.vlaanderen.bodemenondergrond.data.id.concept.bemonsteringsinstrument.avegaarbooras,collectie:bemonsteringsinstrumenten,avegaarbooras,Avegaarboor,,concept:boor,,,,,,,,,,,conceptscheme:bemonsteringsinstrument,,,,,,,conceptscheme:bemonsteringsinstrument
concept:platavegaarboor,be.vlaanderen.bodemenondergrond.data.id.concept.bemonsteringsinstrument.platavegaarboor,collectie:bemonsteringsinstrumenten,platavegaarboor,Platte avegaarboor,,concept:boor,,,,,,,,,,,conceptscheme:bemonsteringsinstrument,,,,,,,conceptscheme:bemonsteringsinstrument
concept:holavegaarboorhsas,be.vlaanderen.bodemenondergrond.data.id.concept.bemonsteringsinstrument.holavegaarboorhsas,collectie:bemonsteringsinstrumenten,holavegaarboorhsas,Holle avegaarboor,,concept:boor,,,,,,,,,,,conceptscheme:bemonsteringsinstrument,,,,,,,conceptscheme:bemonsteringsinstrument
concept:holavegaarboorlin,be.vlaanderen.bodemenondergrond.data.id.concept.bemonsteringsinstrument.holavegaarboorlin,collectie:bemonsteringsinstrumenten,holavegaarboorlin,Holle avegaarboor met liner,,concept:holavegaarboorhsas,,,,,,,,,,,conceptscheme:bemonsteringsinstrument,,,,,,,conceptscheme:bemonsteringsinstrument
concept:slagboor,be.vlaanderen.bodemenondergrond.data.id.concept.bemonsteringsinstrument.slagboor,collectie:bemonsteringsinstrumenten,slagboor,Slagboor,,concept:boor,,,,,,,,,,,conceptscheme:bemonsteringsinstrument,,,,,,,conceptscheme:bemonsteringsinstrument
concept:trilboor,be.vlaanderen.bodemenondergrond.data.id.concept.bemonsteringsinstrument.trilboor,collectie:bemonsteringsinstrumenten,trilboor,Trilboor,,concept:boor,,,,,,,,,,,conceptscheme:bemonsteringsinstrument,,,,,,,conceptscheme:bemonsteringsinstrument
concept:steenboor,be.vlaanderen.bodemenondergrond.data.id.concept.bemonsteringsinstrument.steenboor,collectie:bemonsteringsinstrumenten,steenboor,Steenboor,,concept:boor,,,,,,,,,,,conceptscheme:bemonsteringsinstrument,,,,,,,conceptscheme:bemonsteringsinstrument
concept:lansboor,be.vlaanderen.bodemenondergrond.data.id.concept.bemonsteringsinstrument.lansboor,collectie:bemonsteringsinstrumenten,lansboor,Lansboor,,concept:boor,,,,,,,,,,,conceptscheme:bemonsteringsinstrument,,,,,,,conceptscheme:bemonsteringsinstrument
concept:grijpboor,be.vlaanderen.bodemenondergrond.data.id.concept.bemonsteringsinstrument.grijpboor,collectie:bemonsteringsinstrumenten,grijpboor,Grijpboor,,concept:boor,,,,,,,,,,,conceptscheme:bemonsteringsinstrument,,,,,,,conceptscheme:bemonsteringsinstrument
concept:edelmanboor,be.vlaanderen.bodemenondergrond.data.id.concept.bemonsteringsinstrument.edelmanboor,collectie:bemonsteringsinstrumenten,edelmanboor,Edelmanboor,,concept:boor,,,,,,,,,,,conceptscheme:bemonsteringsinstrument,,,,,,,conceptscheme:bemonsteringsinstrument
concept:veenboor,be.vlaanderen.bodemenondergrond.data.id.concept.bemonsteringsinstrument.veenboor,collectie:bemonsteringsinstrumenten,veenboor,Veenboor,,concept:boor,,,,,,,,,,,conceptscheme:bemonsteringsinstrument,,,,,,,conceptscheme:bemonsteringsinstrument
concept:riversideboor,be.vlaanderen.bodemenondergrond.data.id.concept.bemonsteringsinstrument.riversideboor,collectie:bemonsteringsinstrumenten,riversideboor,Riverside boor,,concept:boor,,,,,,,,,,,conceptscheme:bemonsteringsinstrument,,,,,,,conceptscheme:bemonsteringsinstrument
concept:geoprobe,be.vlaanderen.bodemenondergrond.data.id.concept.bemonsteringsinstrument.geoprobe,collectie:bemonsteringsinstrumenten,geoprobe,Geoprobe,,concept:boor,,,,,,,,,,,conceptscheme:bemonsteringsinstrument,,,,,,,conceptscheme:bemonsteringsinstrument
concept:ramguts,be.vlaanderen.bodemenondergrond.data.id.concept.bemonsteringsinstrument.ramguts,collectie:bemonsteringsinstrumenten,ramguts,Ramguts,,concept:boor,,,,,,,,,,,conceptscheme:bemonsteringsinstrument,,,,,,,conceptscheme:bemonsteringsinstrument
concept:ramgutslin,be.vlaanderen.bodemenondergrond.data.id.concept.bemonsteringsinstrument.ramgutslin,collectie:bemonsteringsinstrumenten,ramgutslin,Ramguts met liner,,concept:ramguts,,,,,,,,,,,conceptscheme:bemonsteringsinstrument,,,,,,,conceptscheme:bemonsteringsinstrument
concept:ramgutszlin,be.vlaanderen.bodemenondergrond.data.id.concept.bemonsteringsinstrument.ramgutszlin,collectie:bemonsteringsinstrumenten,ramgutszlin,Ramguts zonder liner,,concept:ramguts,,,,,,,,,,,conceptscheme:bemonsteringsinstrument,,,,,,,conceptscheme:bemonsteringsinstrument
concept:rollenbeitel,be.vlaanderen.bodemenondergrond.data.id.concept.bemonsteringsinstrument.rollenbeitel,collectie:bemonsteringsinstrumenten,rollenbeitel,Rollenbeitel,,concept:boor,,,,,,,,,,,conceptscheme:bemonsteringsinstrument,,,,,,,conceptscheme:bemonsteringsinstrument
concept:luchthevel,be.vlaanderen.bodemenondergrond.data.id.concept.bemonsteringsinstrument.luchthevel,collectie:bemonsteringsinstrumenten,luchthevel,Luchthevel,,concept:boor,,,,,,,,,,,conceptscheme:bemonsteringsinstrument,,,,,,,conceptscheme:bemonsteringsinstrument
concept:diamantboor,be.vlaanderen.bodemenondergrond.data.id.concept.bemonsteringsinstrument.diamantboor,collectie:bemonsteringsinstrumenten,diamantboor,Diamantboor,,concept:boor,,,,,,,,,,,conceptscheme:bemonsteringsinstrument,,,,,,,conceptscheme:bemonsteringsinstrument
concept:vibrocore,be.vlaanderen.bodemenondergrond.data.id.concept.bemonsteringsinstrument.vibrocore,collectie:bemonsteringsinstrumenten,vibrocore,Vibrocore,,concept:boor,,,,,,,,,,,conceptscheme:bemonsteringsinstrument,,,,,,,conceptscheme:bemonsteringsinstrument
concept:graafmachine,be.vlaanderen.bodemenondergrond.data.id.concept.bemonsteringsinstrument.graafmachine,collectie:bemonsteringsinstrumenten,graafmachine,Graafmachine,,,,,,,,,,,,,conceptscheme:bemonsteringsinstrument,,,,,,,conceptscheme:bemonsteringsinstrument
concept:spade,be.vlaanderen.bodemenondergrond.data.id.concept.bemonsteringsinstrument.spade,collectie:bemonsteringsinstrumenten,spade,Spade,,,,,,,,,,,,,conceptscheme:bemonsteringsinstrument,,,,,,,conceptscheme:bemonsteringsinstrument
concept:schep,be.vlaanderen.bodemenondergrond.data.id.concept.bemonsteringsinstrument.schep,collectie:bemonsteringsinstrumenten,schep,Schep,,,,,,,,,,,,,conceptscheme:bemonsteringsinstrument,,,,,,,conceptscheme:bemonsteringsinstrument
concept:watermonsternemer,be.vlaanderen.bodemenondergrond.data.id.concept.bemonsteringsinstrument.watermonsternemer,collectie:bemonsteringsinstrumenten,watermonsternemer,Watermonsternemer,,,,,,,,,,,,,conceptscheme:bemonsteringsinstrument,,,,,,,conceptscheme:bemonsteringsinstrument
concept:scheppot,be.vlaanderen.bodemenondergrond.data.id.concept.bemonsteringsinstrument.scheppot,collectie:bemonsteringsinstrumenten,scheppot,Scheppot,,concept:watermonsternemer,,,,,,,,,,,conceptscheme:bemonsteringsinstrument,,,,,,,conceptscheme:bemonsteringsinstrument
concept:kraan,be.vlaanderen.bodemenondergrond.data.id.concept.bemonsteringsinstrument.kraan,collectie:bemonsteringsinstrumenten,kraan,Kraan,,concept:watermonsternemer,,,,,,,,,,,conceptscheme:bemonsteringsinstrument,,,,,,,conceptscheme:bemonsteringsinstrument
concept:waterfles,be.vlaanderen.bodemenondergrond.data.id.concept.bemonsteringsinstrument.waterfles,collectie:bemonsteringsinstrumenten,waterfles,Waterfles,,concept:watermonsternemer,,,,,,,,,,,conceptscheme:bemonsteringsinstrument,,,,,,,conceptscheme:bemonsteringsinstrument
concept:watertrap,be.vlaanderen.bodemenondergrond.data.id.concept.bemonsteringsinstrument.watertrap,collectie:bemonsteringsinstrumenten,watertrap,Watertrap,,concept:watermonsternemer,,,,,,,,,,,conceptscheme:bemonsteringsinstrument,,,,,,,conceptscheme:bemonsteringsinstrument
concept:strooiselkader,be.vlaanderen.bodemenondergrond.data.id.concept.bemonsteringsinstrument.strooiselkader,collectie:bemonsteringsinstrumenten,strooiselkader,Strooiselkader,,,,,,,,,,,,,conceptscheme:bemonsteringsinstrument,,,,,,,conceptscheme:bemonsteringsinstrument
concept:rvsstrooiselkader25cm,be.vlaanderen.bodemenondergrond.data.id.concept.bemonsteringsinstrument.rvsstrooiselkader25cm,collectie:bemonsteringsinstrumenten,rvsstrooiselkader25cm,RVS Strooiselkader zijde 25cm,,concept:strooiselkader,,,,,,,,,,,conceptscheme:bemonsteringsinstrument,,,,,,,conceptscheme:bemonsteringsinstrument
